<resources>
    <!-- Default screen margins, per the Android Design guidelines. -->
    <dimen name="fbutton_default_conner_radius">8dp</dimen>
    <dimen name="fbutton_default_padding_left">10dp</dimen>
    <dimen name="fbutton_default_padding_right">10dp</dimen>
    <dimen name="fbutton_default_padding_top">5dp</dimen>
    <dimen name="fbutton_default_padding_bottom">5dp</dimen>
    <dimen name="fbutton_default_shadow_height">4dp</dimen>
    <dimen name="corner_radius">4dp</dimen>
    <dimen name="layer_padding">3dp</dimen>
</resources>
